"","marital","tv_watch_mean"
"1","No answer",2.75
"2","Never married",3.59285714285714
"3","Separated",3.81856540084388
"4","Divorced",3.23728813559322
"5","Widowed",3.94190871369295
"6","Married",2.77586692979983
